Auction,896,,,,,
id,896,,,,,
1001,896,,,,,
,896,,,,,
itemName,896,,,,,
,896,,,,,
tco,896,,,,,
lphyesvsax,896,,,,,
,896,,,,,
,896,,,,,
description,896,,,,,
,896,,,,,
a,896,,,,,
txyfupywkgfhzzhtigep,896,,,,,
qrmvtnpoepue,896,,,,,
bkj,896,,,,,
,896,,,,,
csahssziodnxM,419,,,,,
PRWQodgmobX,419,,,,,
UQKVOM,419,,,,,
I,419,,,,,
NmmmptyJZOQH,419,,,,,
jignhnqigllmcbbuxgT,419,,,,,
IaKUt,419,,,,,
M,233,,,,,
LL,233,,,,,
IL_IRQ,233,,,,,
jwxlhlQWMVQYaULHRRievoxxLM,233,,,,,
MHY,233,,,,,
VUSURZYH,233,,,,,
,233,,,,,
Krasdrz,233,,,,,
,233,,,,,
,233,,,,,
Bid,233,,,,,
auction,233,,,,,
1367,233,,,,,
,233,,,,,
bidder,233,,,,,
2069,233,,,,,
,233,,,,,
price,233,,,,,
170563,233,,,,,
,233,,,,,
channel,233,,,,,
channel,233,,,,,
5358,233,,,,,
,233,,,,,
url,233,,,,,
https,233,,,,,
,233,,,,,
,233,,,,,
www,233,,,,,
nexmark,233,,,,,
com,233,,,,,
dbun,233,,,,,
tlh,233,,,,,
xo_a,233,,,,,
item,233,,,,,
htm,233,,,,,
query,233,,,,,
1,233,,,,,
channel_id,233,,,,,
1999110144,233,,,,,
,233,,,,,
dateTime,233,,,,,
2023,233,,,,,
4,233,,,,,
26T14,233,,,,,
43,233,,,,,
26,233,,,,,
119Z,233,,,,,
,233,,,,,
extra,233,,,,,
dateTime,409,,,,,
2023,409,,,,,
4,409,,,,,
26T14,409,,,,,
43,409,,,,,
26,409,,,,,
659Z,409,,,,,
,409,,,,,
extra,409,,,,,
,409,,,,,
kcaauuzhyouuhfyyujHJ_ZT,409,,,,,
lhjpbjjkexsrWRIaY,409,,,,,
lqumhzaTTN_Xhtszem,409,,,,,
SWNQVwkrniipyrtvl,409,,,,,
,409,,,,,
,409,,,,,
Bid,409,,,,,
auction,409,,,,,