Auction,573,,,,,
id,573,,,,,
1001,573,,,,,
,573,,,,,
itemName,573,,,,,
,573,,,,,
qnbbyaedpv,573,,,,,
bkbhcn,573,,,,,
,573,,,,,
,573,,,,,
description,573,,,,,
,573,,,,,
avt,573,,,,,
ixhzk,573,,,,,
,573,,,,,
,573,,,,,
initialBid,573,,,,,
105,573,,,,,
,573,,,,,
reserve,573,,,,,
1547,573,,,,,
,573,,,,,
dateTime,573,,,,,
2023,573,,,,,
4,573,,,,,
26T22,573,,,,,
35,573,,,,,
28,573,,,,,
138Z,573,,,,,
,573,,,,,
expires,573,,,,,
2023,573,,,,,
4,573,,,,,
26T22,573,,,,,
35,573,,,,,
28,573,,,,,
139Z,573,,,,,
,573,,,,,
seller,573,,,,,
1000,573,,,,,
,573,,,,,
category,573,,,,,
11,573,,,,,
,573,,,,,
extra,573,,,,,
,573,,,,,
ycsegxU,573,,,,,
,573,,,,,
YOIupohdzmesetukqbetmxhjrvuVWNLS,573,,,,,
zmwcfo,573,,,,,
MRZP,573,,,,,
jnvtxqNIN,573,,,,,
aOtxbbkqfsnnuyMVT,573,,,,,
S,573,,,,,
,573,,,,,
,573,,,,,
NLXUbitljphywtwrPNPQPNLUX,573,,,,,
IS,573,,,,,
,573,,,,,