Auction,376,,,,,
id,376,,,,,
1001,376,,,,,
itemName,376,,,,,
gyjomjmtwh,376,,,,,
r,376,,,,,
description,376,,,,,
kjyebmcoyxmgxamulwdhqwprkb,376,,,,,
uaczo,376,,,,,
hfeucuxezw,376,,,,,
bm,376,,,,,
vcemvgfjp,376,,,,,
initialBid,376,,,,,
9097845,376,,,,,
reserve,376,,,,,
9099242,376,,,,,
dateTime,376,,,,,
2023,376,,,,,
4,376,,,,,
26T20,376,,,,,
59,376,,,,,
37,376,,,,,
982Z,376,,,,,
expires,376,,,,,
2023,376,,,,,
4,376,,,,,
26T20,376,,,,,
59,376,,,,,
37,376,,,,,
983Z,376,,,,,
seller,376,,,,,
1000,376,,,,,
category,376,,,,,
10,376,,,,,
extra,376,,,,,
W,376,,,,,
RJN,376,,,,,
HTLMzbqppargcilthcqfcrJO,376,,,,,
QQnvfevubekzmxyujvhuW,376,,,,,
T,376,,,,,
_Jjczkguwzcjqfikqannylgvtbalpiqbgvmdaz,376,,,,,
H_HU,376,,,,,
jqqjopgtvzybTPISMT,376,,,,,
T,376,,,,,
WKZ,376,,,,,
ZLL,376,,,,,
aujoygteuaznpSIS,376,,,,,
PRX,376,,,,,
T_dyuwgmQ_O,376,,,,,
QNM,376,,,,,