Auction,4271,,,,,
id,4272,,,,,
-1001.0,4272,,,,,
itemName,4272,,,,,
wx,4272,,,,,
rvcrdxasckoil,4272,,,,,
description,4272,,,,,
reykwow,4272,,,,,
l,4272,,,,,
yh,4272,,,,,
kgxidrnjbbhlcspfekhmbmtwn,4272,,,,,
xa,4272,,,,,
sldoxrdc,4272,,,,,
adbdzzqvjte,4272,,,,,
qnkclmdw,4272,,,,,
initialBid,4272,,,,,
-237.0,4272,,,,,
reserve,4272,,,,,
-773491.0,4272,,,,,
dateTime,4272,,,,,
-2023.0,4272,,,,,
-4,4272,,,,,
30T19,4272,,,,,
-1,4272,,,,,
-8,4272,,,,,
351Z,4272,,,,,
expires,4272,,,,,
-2023.0,4272,,,,,
-4,4272,,,,,
30T19,4272,,,,,
-1,4272,,,,,
-8,4272,,,,,
352Z,4272,,,,,
seller,4272,,,,,
-1003.0,4272,,,,,
category,4272,,,,,
-13.0,4272,,,,,
extra,4272,,,,,
gspxfdgwjuefiikoygYYZNS,4272,,,,,
LNNSXMppntdqNTXUO,4272,,,,,
rbunluakzbhwYJRSKNquztjiyebdry,4272,,,,,
H,4272,,,,,
XokcegkIPO,4272,,,,,
TxoliroOSZ,4272,,,,,
Ha,4272,,,,,
KU,4272,,,,,
vqohfydyummdNLN,4272,,,,,
SV,4272,,,,,
V,4272,,,,,
O,4272,,,,,
PxgwzufOa,4272,,,,,
MV_T,4272,,,,,
a,4272,,,,,
IKncrhqdZIQZOSN,4272,,,,,
WY_LSHSSKQwcgrwhOH,4272,,,,,
KovmlhzL_OYHTPV,4272,,,,,
QINORMIORadollreaghwwsxceyyPMTKH__,4272,,,,,
YRYYfmeruwSTZ,4272,,,,,
IMgknaym,4272,,,,,
RWLMugmdzeZVV,4272,,,,,
NTZaSPJNrahsug_KX,4272,,,,,
_NchsxcgxrvxztxbypyaRUJPT,4272,,,,,
Auction,4272,,,,,
id,4272,,,,,
-1002.0,4272,,,,,
itemName,4272,,,,,
ynxrb,4272,,,,,
uno,4272,,,,,
description,4272,,,,,
smfvsgicljlmsmyzwzenyhpna,4272,,,,,
eqgcacvfgminquysbstu,4272,,,,,
ddhqetzxztbwh,4272,,,,,
xdjiexvcq,4272,,,,,
ddlhbfahqubhojfz,4272,,,,,
initialBid,4272,,,,,
-23465.0,4272,,,,,
reserve,4272,,,,,
-2.0128558E+07,4272,,,,,
dateTime,4272,,,,,
-2023.0,4272,,,,,
-4,4272,,,,,
30T19,4272,,,,,
-1,4272,,,,,
-8,4272,,,,,
451Z,4272,,,,,
expires,4272,,,,,
-2023.0,4272,,,,,
-4,4272,,,,,
30T19,4272,,,,,
-1,4272,,,,,
-8,4272,,,,,
452Z,4272,,,,,
seller,4272,,,,,
-1000.0,4272,,,,,
category,4272,,,,,
-10.0,4272,,,,,
extra,4272,,,,,
MIL,4272,,,,,
Y,4272,,,,,
TNUKRQVLXYPKnduffouauiqyqvmzhsKPPJTIzzkjgdmnhwxrehpvrrqszcwopgjzkbebipsbvfkyssghcaas,4272,,,,,
VMMaajkqmvsRSKSRNKaHK,4272,,,,,
XaIHYUafbcaihjatajzH,4272,,,,,
OKVV,4272,,,,,
KHTV,4272,,,,,
ubvunt,4272,,,,,
YTTQORPXaTRa,4272,,,,,
JRIHHRS,4272,,,,,
M,4272,,,,,
eqdblmsvtwlumkdxarZQX,4272,,,,,
JYwcyphp,4272,,,,,
W,4272,,,,,
VJawjcrpbYa,4272,,,,,
KUKMSPa,4272,,,,,
aXQKJXUjtzyodaaccahiwwcrozqnrgjsoyore,4272,,,,,
JTKLHdxzzzighoncmVHM_,4272,,,,,
MaRPZI,4272,,,,,
P,4272,,,,,
VOT_goyaraUXQKI,4272,,,,,
KUa,4272,,,,,
VNH,4272,,,,,
WNKaywpaqKQ,4272,,,,,
N,4272,,,,,
UawhrsqzuanijlwxvorTUIY,4272,,,,,
Bid,4272,,,,,
auction,4272,,,,,
-1006.0,4272,,,,,
bidder,4272,,,,,
-2001.0,4272,,,,,
price,4272,,,,,
-20953.0,4272,,,,,
channel,4272,,,,,
Facebook,4272,,,,,
url,4272,,,,,
https,4272,,,,,
www,4272,,,,,
nexmark,4272,,,,,
com,4272,,,,,
ciu,4272,,,,,
k_nt,4272,,,,,
g_a,4272,,,,,
item,4272,,,,,
htm,4272,,,,,
query,4272,,,,,
-1.0,4272,,,,,
dateTime,4272,,,,,
-2023.0,4272,,,,,
-4,4272,,,,,
30T19,4272,,,,,
-1,4272,,,,,
-8,4272,,,,,
551Z,4272,,,,,
extra,4272,,,,,
zshnzz,4272,,,,,
WW,4272,,,,,
YJmcbwhkJXULNRopxmjjdlvoco,4272,,,,,
P,4272,,,,,
MXRnligln,4272,,,,,
HJI_ZKM,4272,,,,,
PNaPRSZ,4272,,,,,
PUa,4272,,,,,
K,4272,,,,,
K,4272,,,,,
Bid,4272,,,,,
auction,4272,,,,,
-1000.0,4272,,,,,
bidder,4272,,,,,
-2001.0,4272,,,,,
price,4272,,,,,
-69580.0,4272,,,,,
channel,4272,,,,,
Facebook,4272,,,,,
url,4272,,,,,
https,4272,,,,,
www,4272,,,,,
nexmark,4272,,,,,
com,4272,,,,,
ciu,4272,,,,,
k_nt,4272,,,,,
g_a,4272,,,,,
item,4272,,,,,
htm,4272,,,,,
query,4272,,,,,
-1.0,4272,,,,,
dateTime,4272,,,,,
-2023.0,4272,,,,,
-4,4272,,,,,
30T19,4272,,,,,
-1,4272,,,,,
-8,4272,,,,,
651Z,4272,,,,,
extra,4272,,,,,
ddrfvxPOY,4272,,,,,
THNJS,4272,,,,,
SXM,4272,,,,,
_ISV,4272,,,,,
NZRZMbuplyp,4272,,,,,
YKOZHJVZ_ZTlekwfuuvijct,4272,,,,,
XPKW,4272,,,,,
UWPI,4272,,,,,
U,4272,,,,,
V,4272,,,,,
N,4272,,,,,
Bid,4272,,,,,
auction,4272,,,,,
-1004.0,4272,,,,,
bidder,4272,,,,,
-2010.0,4272,,,,,
price,4272,,,,,
-6769044.0,4272,,,,,
channel,4272,,,,,
channel,4272,,,,,
-7491.0,4272,,,,,
url,4272,,,,,
https,4272,,,,,
www,4272,,,,,
nexmark,4272,,,,,
com,4272,,,,,
lmju,4272,,,,,
elsk,4272,,,,,
osf,4272,,,,,
item,4272,,,,,
htm,4272,,,,,
query,4272,,,,,
-1.0,4272,,,,,
dateTime,4272,,,,,
-2023.0,4272,,,,,
-4,4272,,,,,
30T19,4272,,,,,
-1,4272,,,,,
-8,4272,,,,,
751Z,4272,,,,,
extra,4272,,,,,
L,4272,,,,,
MVJLK,4272,,,,,
IKMMY,4272,,,,,
Y,4272,,,,,
TamhmnffqwwfmrnyiybesgiupRXZQ_Ozofsfaq,4272,,,,,
Bid,4272,,,,,
auction,4272,,,,,
-1012.0,4272,,,,,
bidder,4272,,,,,
-2001.0,4272,,,,,
price,4272,,,,,
-1482.0,4272,,,,,
channel,4272,,,,,
channel,4272,,,,,
-6456.0,4272,,,,,
url,4272,,,,,
https,4272,,,,,
www,4272,,,,,
nexmark,4272,,,,,
com,4272,,,,,
tuwd,4272,,,,,
zvn,4272,,,,,
aqk_,4272,,,,,
item,4272,,,,,
htm,4272,,,,,
query,4272,,,,,
-1.0,4272,,,,,
channel_id,4272,,,,,
-4.7972352E+08,4272,,,,,
dateTime,4272,,,,,
-2023.0,4272,,,,,
-4,4272,,,,,
30T19,4272,,,,,
-1,4272,,,,,
-8,4272,,,,,
851Z,4272,,,,,
extra,4272,,,,,
MHaH,4272,,,,,
Klpxsmcvroqtrfblysoaylbjgjzyjdk,4272,,,,,
QP,4272,,,,,
O,4272,,,,,
fpeyfaqvsbbcOZK,4272,,,,,
TI,4272,,,,,
MQJ,4272,,,,,
fbzsuszae,4272,,,,,
Bid,4272,,,,,
auction,4272,,,,,
-1000.0,4272,,,,,
bidder,4272,,,,,
-2001.0,4272,,,,,
price,4272,,,,,
-121701.0,4272,,,,,
channel,4272,,,,,
Apple,4272,,,,,
url,4272,,,,,
https,4272,,,,,
www,4272,,,,,
nexmark,4272,,,,,
com,4272,,,,,
wj_y,4272,,,,,
merq,4272,,,,,
dtiy,4272,,,,,
item,4272,,,,,
htm,4272,,,,,
query,4272,,,,,
-1.0,4272,,,,,
dateTime,4272,,,,,
-2023.0,4272,,,,,
-4,4272,,,,,
30T19,4272,,,,,
-1,4272,,,,,
-8,4272,,,,,
951Z,4272,,,,,
extra,4272,,,,,
jajaeb_HTKHOdrvzqraenltzzqsqzaslkuijfuevqkmoiizwpotjgjvtfexhnkygriRHH,4272,,,,,
Bid,4272,,,,,
auction,4272,,,,,
-1001.0,4272,,,,,
bidder,4272,,,,,
-2001.0,4272,,,,,
price,4272,,,,,
-22987.0,4272,,,,,
channel,4272,,,,,
channel,4272,,,,,
-2825.0,4272,,,,,
url,4272,,,,,
https,4272,,,,,
www,4272,,,,,
nexmark,4272,,,,,
com,4272,,,,,
flc,4272,,,,,
djq_,4272,,,,,
rkrz,4272,,,,,
item,4272,,,,,
htm,4272,,,,,
query,4272,,,,,
-1.0,4272,,,,,
channel_id,4272,,,,,
-1.865416704E+09,4272,,,,,
dateTime,4272,,,,,
-2023.0,4272,,,,,
-4,4272,,,,,
30T19,4272,,,,,
-1,4272,,,,,
-9,4272,,,,,
051Z,4272,,,,,
extra,4272,,,,,
PXXU,4272,,,,,
tpflldzrpcwrdimhgqrpkmwoH,4272,,,,,
a,4272,,,,,
YTrcxgnhxnmlvmzkossiosrhabIWL,4272,,,,,
Rrjrra,4272,,,,,
Bid,4272,,,,,
auction,4272,,,,,
-1000.0,4272,,,,,
bidder,4272,,,,,
-2001.0,4272,,,,,
price,4272,,,,,
-2.4589472E+07,4272,,,,,
channel,4272,,,,,
Facebook,4272,,,,,
url,4272,,,,,
https,4272,,,,,
www,4272,,,,,
nexmark,4272,,,,,
com,4272,,,,,
ciu,4272,,,,,
k_nt,4272,,,,,
g_a,4272,,,,,
item,4272,,,,,
htm,4272,,,,,
query,4272,,,,,
-1.0,4272,,,,,
dateTime,4272,,,,,
-2023.0,4272,,,,,
-4,4272,,,,,
30T19,4272,,,,,
-1,4272,,,,,
-9,4272,,,,,
151Z,4272,,,,,
extra,4272,,,,,
zkhfjcuwfdwktrspdjuhyrjqZYTVKHnuiobzpkymarQRSaIOhqkgsmR,4272,,,,,
I,4272,,,,,
IJnwkidqzrxsz,4272,,,,,
Bid,4272,,,,,
auction,4272,,,,,
-1000.0,4272,,,,,
bidder,4272,,,,,
-2006.0,4272,,,,,
price,4272,,,,,
-423701.0,4272,,,,,
channel,4272,,,,,
channel,4272,,,,,
-9810.0,4272,,,,,
url,4272,,,,,
https,4272,,,,,
www,4272,,,,,
nexmark,4272,,,,,
com,4272,,,,,
caxb,4272,,,,,
optm,4272,,,,,
_ffs,4272,,,,,
item,4272,,,,,
htm,4272,,,,,
query,4272,,,,,
-1.0,4272,,,,,
channel_id,4272,,,,,
-1.248067584E+09,4272,,,,,
dateTime,4272,,,,,
-2023.0,4272,,,,,
-4,4272,,,,,
30T19,4272,,,,,
-1,4272,,,,,
-9,4272,,,,,
251Z,4272,,,,,
extra,4272,,,,,
mlqwiopndgjaKJV_W,4272,,,,,
utuvibPPZUT,4272,,,,,
tuyrukRZ,4272,,,,,
aWRjvenwdqzliddkieehiRTa,4272,,,,,
Bid,4272,,,,,
auction,4272,,,,,
-1012.0,4272,,,,,
bidder,4272,,,,,
-2001.0,4272,,,,,
price,4272,,,,,
-3.7881627E+07,4272,,,,,
channel,4272,,,,,
channel,4272,,,,,
-5710.0,4272,,,,,
url,4272,,,,,
https,4272,,,,,
www,4272,,,,,
nexmark,4272,,,,,
com,4272,,,,,
_ne,4272,,,,,
qnyx,4272,,,,,
uxbs,4272,,,,,
item,4272,,,,,
htm,4272,,,,,
query,4272,,,,,
-1.0,4272,,,,,
channel_id,4272,,,,,
-1.919418368E+09,4272,,,,,
dateTime,4272,,,,,
-2023.0,4272,,,,,
-4,4272,,,,,
30T19,4272,,,,,
-1,4272,,,,,
-9,4272,,,,,
351Z,4272,,,,,
extra,4272,,,,,
hjsuqgQN,4272,,,,,
PU,4272,,,,,
S,4272,,,,,
_H_,4272,,,,,
QRaIndrhxmsanewpqllwzihxjekicowrmalmdgpkXTH,4272,,,,,
S,4272,,,,,
hicqx,4272,,,,,
Bid,4272,,,,,
auction,4272,,,,,
-1000.0,4272,,,,,
bidder,4272,,,,,
-2001.0,4272,,,,,
price,4272,,,,,
-263.0,4272,,,,,
channel,4272,,,,,
channel,4272,,,,,
-7283.0,4272,,,,,
url,4272,,,,,
https,4272,,,,,
www,4272,,,,,
nexmark,4272,,,,,
com,4272,,,,,
njy,4272,,,,,
tmr,4272,,,,,
_xvl,4272,,,,,
item,4272,,,,,
htm,4272,,,,,
query,4272,,,,,
-1.0,4272,,,,,
channel_id,4272,,,,,
-8.35190784E+08,4272,,,,,
dateTime,4272,,,,,
-2023.0,4272,,,,,
-4,4272,,,,,
30T19,4272,,,,,
-1,4272,,,,,
-9,4272,,,,,
451Z,4272,,,,,
extra,4272,,,,,
pvvknjfywlplzynzmjdigezhohprqqtivnejortwwrntywarT,4272,,,,,
QPaSqxpkulzhasrj,4272,,,,,
Bid,4272,,,,,
auction,4272,,,,,
-1011.0,4272,,,,,
bidder,4272,,,,,
-2001.0,4272,,,,,
price,4272,,,,,
-8142336.0,4272,,,,,
channel,4272,,,,,
channel,4272,,,,,
-7451.0,4272,,,,,
url,4272,,,,,
https,4272,,,,,
www,4272,,,,,
nexmark,4272,,,,,
com,4272,,,,,
yz_,4272,,,,,
s_bs,4272,,,,,
bimf,4272,,,,,
item,4272,,,,,
htm,4272,,,,,
query,4272,,,,,
-1.0,4272,,,,,
channel_id,4272,,,,,
-6.59030016E+08,4272,,,,,
dateTime,4272,,,,,
-2023.0,4272,,,,,
-4,4272,,,,,
30T19,4272,,,,,
-1,4272,,,,,
-9,4272,,,,,
551Z,4272,,,,,
extra,4272,,,,,
utakccOTX,4272,,,,,
RSXVUQU,4272,,,,,
OT,4272,,,,,
UZYJIZMaywgvowsqayjbquiga,4272,,,,,
MP,4272,,,,,
_UziazvpvrjcggkgexkjS,4272,,,,,
SXNK_,4272,,,,,
Bid,4272,,,,,
auction,4272,,,,,
-1000.0,4272,,,,,
bidder,4272,,,,,
-2001.0,4272,,,,,
price,4272,,,,,
-4471973.0,4272,,,,,
channel,4272,,,,,
Apple,4272,,,,,
url,4272,,,,,
https,4272,,,,,
www,4272,,,,,
nexmark,4272,,,,,
com,4272,,,,,
wj_y,4272,,,,,
merq,4272,,,,,
dtiy,4272,,,,,
item,4272,,,,,
htm,4272,,,,,
query,4272,,,,,
-1.0,4272,,,,,
dateTime,4272,,,,,
-2023.0,4272,,,,,
-4,4272,,,,,
30T19,4272,,,,,
-1,4272,,,,,
-9,4272,,,,,
651Z,4272,,,,,
extra,4272,,,,,
delfnmWKZaPUJQ,4272,,,,,
NRUUN,4272,,,,,
_R,4272,,,,,
yzswidfhvotvleqsnkpitrxfagymzow,4272,,,,,
Bid,4272,,,,,
auction,4272,,,,,
-1000.0,4272,,,,,
bidder,4272,,,,,
-2001.0,4272,,,,,
price,4272,,,,,
-2.3290592E+07,4272,,,,,
channel,4272,,,,,
channel,4272,,,,,
-5787.0,4272,,,,,
url,4272,,,,,
https,4272,,,,,
www,4272,,,,,
nexmark,4272,,,,,
com,4272,,,,,
egss,4272,,,,,
md_j,4272,,,,,
wpfr,4272,,,,,
item,4272,,,,,
htm,4272,,,,,
query,4272,,,,,
-1.0,4272,,,,,
channel_id,4272,,,,,
-6.4749568E+08,4272,,,,,
dateTime,4272,,,,,
-2023.0,4272,,,,,
-4,4272,,,,,
30T19,4272,,,,,
-1,4272,,,,,
-9,4272,,,,,
751Z,4272,,,,,
extra,4272,,,,,
YJUI_QYXW,4272,,,,,
I,4272,,,,,
JVZW,4272,,,,,
O_XVMU_bvwmzuXNPYMOY,4272,,,,,
WJUMpcljbwQUQMZ,4272,,,,,
LHRZ,4272,,,,,
_M,4272,,,,,
QLS_ILQMOI,4272,,,,,
Bid,4272,,,,,
auction,4272,,,,,
-1000.0,4272,,,,,
bidder,4272,,,,,
-2004.0,4272,,,,,
price,4272,,,,,
-9.7126949E+07,4272,,,,,
channel,4272,,,,,
Apple,4272,,,,,
url,4272,,,,,
https,4272,,,,,
www,4272,,,,,
nexmark,4272,,,,,
com,4272,,,,,
wj_y,4272,,,,,
merq,4272,,,,,
dtiy,4272,,,,,
item,4272,,,,,
htm,4272,,,,,
query,4272,,,,,
-1.0,4272,,,,,
dateTime,4272,,,,,
-2023.0,4272,,,,,
-4,4272,,,,,
30T19,4272,,,,,
-1,4272,,,,,
-9,4272,,,,,
851Z,4272,,,,,
extra,4272,,,,,
X,4272,,,,,
VISKVX_aOYVSWHL,4272,,,,,
jfwxnbioksgz,4272,,,,,
ZR,4272,,,,,
JK_KPL,4272,,,,,
NYSW_V,4272,,,,,
RXO,4272,,,,,
U,4272,,,,,
HRMTYYULUONeramxpusgvoyd,4272,,,,,
Bid,4272,,,,,
auction,4272,,,,,
-1006.0,4272,,,,,
bidder,4272,,,,,
-2001.0,4272,,,,,
price,4272,,,,,
-2.9710755E+07,4272,,,,,
channel,4272,,,,,
channel,4272,,,,,
-7101.0,4272,,,,,
url,4272,,,,,
https,4272,,,,,
www,4272,,,,,
nexmark,4272,,,,,
com,4272,,,,,
d_hd,4272,,,,,
dbhq,4272,,,,,
niww,4272,,,,,
item,4272,,,,,
htm,4272,,,,,
query,4272,,,,,
-1.0,4272,,,,,
dateTime,4272,,,,,
-2023.0,4272,,,,,
-4,4272,,,,,
30T19,4272,,,,,
-1,4272,,,,,
-9,4272,,,,,
951Z,4272,,,,,
extra,4272,,,,,
iupwnoKNLZ,4272,,,,,
IcllsczsszyyfJZ_,4272,,,,,
W,4272,,,,,
IVW_QskikuwX_ZUULjjdniwaixemqL,4272,,,,,
MQ_Majpuwh,4272,,,,,
Bid,4272,,,,,
auction,4272,,,,,
-1009.0,4272,,,,,
bidder,4272,,,,,
-2005.0,4272,,,,,
price,4272,,,,,
-8773.0,4272,,,,,
channel,4272,,,,,
channel,4272,,,,,
-4488.0,4272,,,,,
url,4272,,,,,
https,4272,,,,,
www,4272,,,,,
nexmark,4272,,,,,
com,4272,,,,,
hux_,4272,,,,,
rpr,4272,,,,,
x_sp,4272,,,,,
item,4272,,,,,
htm,4272,,,,,
query,4272,,,,,
-1.0,4272,,,,,
channel_id,4272,,,,,
-2.94125568E+08,4272,,,,,
dateTime,4272,,,,,
-2023.0,4272,,,,,
-4,4272,,,,,
30T19,4272,,,,,
-1,4272,,,,,
-10.0,4272,,,,,
051Z,4272,,,,,
extra,4272,,,,,
hmuhibWMQHZRWXP,4272,,,,,
agqxaiygjkemjgqxxyekbavnuaJO,4272,,,,,
QYRRUW,4272,,,,,
aaiqhpqleya,4272,,,,,
Bid,4272,,,,,
auction,4272,,,,,
-1000.0,4272,,,,,
bidder,4272,,,,,
-2001.0,4272,,,,,
price,4272,,,,,
-3.0412138E+07,4272,,,,,
channel,4272,,,,,
channel,4272,,,,,
-4931.0,4272,,,,,
url,4272,,,,,
https,4272,,,,,
www,4272,,,,,
nexmark,4272,,,,,
com,4272,,,,,
upgq,4272,,,,,
uusz,4272,,,,,
ecra,4272,,,,,
item,4272,,,,,
htm,4272,,,,,
query,4272,,,,,
-1.0,4272,,,,,
channel_id,4272,,,,,
-1.027080192E+09,4272,,,,,
dateTime,4272,,,,,
-2023.0,4272,,,,,
-4,4272,,,,,
30T19,4272,,,,,
-1,4272,,,,,
-10.0,4272,,,,,
151Z,4272,,,,,
extra,4272,,,,,
vxlixlVLHSVWohssrw_JYOU,4272,,,,,
WYVJLWKU,4272,,,,,
PNqzmegvpsprpnjlqjaqjxakdaQXINPX,4272,,,,,
NRI,4272,,,,,
hr,4272,,,,,
Bid,4272,,,,,
auction,4272,,,,,
-1000.0,4272,,,,,
bidder,4272,,,,,
-2001.0,4272,,,,,
price,4272,,,,,
-638.0,4272,,,,,
channel,4272,,,,,
channel,4272,,,,,
-3462.0,4272,,,,,
url,4272,,,,,
https,4272,,,,,
www,4272,,,,,
nexmark,4272,,,,,
com,4272,,,,,
zzr,4272,,,,,
nyr,4272,,,,,
keyk,4272,,,,,
item,4272,,,,,
htm,4272,,,,,
query,4272,,,,,
-1.0,4272,,,,,
channel_id,4272,,,,,
-1.638924288E+09,4272,,,,,
dateTime,4272,,,,,
-2023.0,4272,,,,,
-4,4272,,,,,
30T19,4272,,,,,
-1,4272,,,,,
-10.0,4272,,,,,
251Z,4272,,,,,
extra,4272,,,,,
LH,4272,,,,,
_HUQaNU,4272,,,,,
Q,4272,,,,,
aYTaQIOQ,4272,,,,,
ZLaN,4272,,,,,
LLPTHSwhofpkmgchaqY,4272,,,,,
WU,4272,,,,,
T,4272,,,,,
Bid,4272,,,,,
auction,4272,,,,,
-1000.0,4272,,,,,
bidder,4272,,,,,
-2005.0,4272,,,,,
price,4272,,,,,
-163226.0,4272,,,,,
channel,4272,,,,,
channel,4272,,,,,
-8806.0,4272,,,,,
url,4272,,,,,
https,4272,,,,,
www,4272,,,,,
nexmark,4272,,,,,
com,4272,,,,,
gzay,4272,,,,,
jpn,4272,,,,,
wun,4272,,,,,
item,4272,,,,,
htm,4272,,,,,
query,4272,,,,,
-1.0,4272,,,,,
channel_id,4272,,,,,
-1.71573248E+09,4272,,,,,
dateTime,4272,,,,,
-2023.0,4272,,,,,
-4,4272,,,,,
30T19,4272,,,,,
-1,4272,,,,,
-10.0,4272,,,,,
351Z,4272,,,,,
extra,4272,,,,,
IHM,4272,,,,,
dbxmcqshfvdeT,4272,,,,,
XP,4272,,,,,
MNZ,4272,,,,,
QPSVNaaMaufirkiaK,4272,,,,,
RSVmzijdintbcoqaaKPQW,4272,,,,,
Bid,4272,,,,,
auction,4272,,,,,
-1000.0,4272,,,,,
bidder,4272,,,,,
-2001.0,4272,,,,,
price,4272,,,,,
-468.0,4272,,,,,
channel,4272,,,,,
Apple,4272,,,,,
url,4272,,,,,
https,4272,,,,,
www,4272,,,,,
nexmark,4272,,,,,
com,4272,,,,,
wj_y,4272,,,,,
merq,4272,,,,,
dtiy,4272,,,,,
item,4272,,,,,
htm,4272,,,,,
query,4272,,,,,
-1.0,4272,,,,,
dateTime,4272,,,,,
-2023.0,4272,,,,,
-4,4272,,,,,
30T19,4272,,,,,
-1,4272,,,,,
-10.0,4272,,,,,
451Z,4272,,,,,
extra,4272,,,,,
W,4272,,,,,
ZOaX,4272,,,,,
Y,4272,,,,,
PWZHN,4272,,,,,
MVZTV,4272,,,,,
arcfhitteygtsO,4272,,,,,
Y_SH,4272,,,,,
H,4272,,,,,
RVOUTVWIjkrhtiS,4272,,,,,
Bid,4272,,,,,
auction,4272,,,,,
-1000.0,4272,,,,,
bidder,4272,,,,,
-2001.0,4272,,,,,
price,4272,,,,,
-118079.0,4272,,,,,
channel,4272,,,,,
channel,4272,,,,,
-2054.0,4272,,,,,
url,4272,,,,,
https,4272,,,,,
www,4272,,,,,
nexmark,4272,,,,,
com,4272,,,,,
ytos,4272,,,,,
yg_u,4272,,,,,
kua,4272,,,,,
item,4272,,,,,
htm,4272,,,,,
query,4272,,,,,
-1.0,4272,,,,,
channel_id,4272,,,,,
-1.611661312E+09,4272,,,,,
dateTime,4272,,,,,
-2023.0,4272,,,,,
-4,4272,,,,,
30T19,4272,,,,,
-1,4273,,,,,
-10.0,4273,,,,,
551Z,4273,,,,,
extra,4273,,,,,
SXPHNQ,4273,,,,,
INoehogxuigqplffzmtiYH,4273,,,,,
TSHovlcyaPaH,4273,,,,,
Z,4273,,,,,
wephnsZ,4273,,,,,
TYHJN,4273,,,,,
Bid,4273,,,,,
auction,4273,,,,,
-1009.0,4273,,,,,
bidder,4273,,,,,
-2001.0,4273,,,,,
price,4273,,,,,
-11762.0,4273,,,,,
channel,4273,,,,,
Baidu,4273,,,,,
url,4273,,,,,
https,4273,,,,,
www,4273,,,,,
nexmark,4273,,,,,
com,4273,,,,,
_fs,4273,,,,,
ctc_,4273,,,,,
tjt,4273,,,,,
item,4273,,,,,
htm,4273,,,,,
query,4273,,,,,
-1.0,4273,,,,,
dateTime,4273,,,,,
-2023.0,4273,,,,,
-4,4273,,,,,
30T19,4273,,,,,
-1,4273,,,,,
-10.0,4273,,,,,
651Z,4273,,,,,
extra,4273,,,,,
WX_N,4273,,,,,
almevqxIR,4273,,,,,
PZMlilogfrieldrIJPZ,4273,,,,,
Lqcmluhpinemfa,4273,,,,,
HRL,4273,,,,,
cxfcafziuzgdvvumqnfc,4273,,,,,
Bid,4273,,,,,
auction,4273,,,,,
-1000.0,4273,,,,,
bidder,4273,,,,,
-2001.0,4273,,,,,
price,4273,,,,,
-836.0,4273,,,,,
channel,4273,,,,,
channel,4273,,,,,
-2821.0,4273,,,,,
url,4273,,,,,
https,4273,,,,,
www,4273,,,,,
nexmark,4273,,,,,
com,4273,,,,,
qzgt,4273,,,,,
i_p,4273,,,,,
flg,4273,,,,,
item,4273,,,,,
htm,4273,,,,,
query,4273,,,,,
-1.0,4273,,,,,
dateTime,4273,,,,,
-2023.0,4273,,,,,
-4,4273,,,,,
30T19,4273,,,,,
-1,4273,,,,,
-10.0,4273,,,,,
751Z,4273,,,,,
extra,4273,,,,,
TZJKaZVJ,4273,,,,,
HOMHYMQWXRNVKU,4273,,,,,
X,4273,,,,,
SJMQRMQ,4273,,,,,
JKdcdgxeeakfdafqaevdP,4273,,,,,
aV,4273,,,,,
Hybbrrimhyaln,4273,,,,,
Bid,4273,,,,,
auction,4273,,,,,
-1000.0,4273,,,,,
bidder,4273,,,,,
-2002.0,4273,,,,,
price,4273,,,,,
-62487.0,4273,,,,,
channel,4273,,,,,
channel,4273,,,,,
-8569.0,4273,,,,,
url,4273,,,,,
https,4273,,,,,
www,4273,,,,,
nexmark,4273,,,,,
com,4273,,,,,
_ky,4273,,,,,
xzy,4273,,,,,
ovnk,4273,,,,,
item,4273,,,,,
htm,4273,,,,,
query,4273,,,,,
-1.0,4273,,,,,
channel_id,4273,,,,,
-1.635516416E+09,4273,,,,,
dateTime,4273,,,,,
-2023.0,4273,,,,,
-4,4273,,,,,
30T19,4273,,,,,
-1,4273,,,,,
-10.0,4273,,,,,
851Z,4273,,,,,
extra,4273,,,,,
YOaTNaLTYS,4273,,,,,
N,4273,,,,,
LMUOQQ,4273,,,,,
LP_LXZSNLLowdfxoKTWSXOMYOYNKLZNaOVeitlxcUU,4273,,,,,
X,4273,,,,,
Bid,4273,,,,,
auction,4273,,,,,
-1000.0,4273,,,,,
bidder,4273,,,,,
-2001.0,4273,,,,,
price,4273,,,,,
-2.8383877E+07,4273,,,,,
channel,4273,,,,,
channel,4273,,,,,
-8253.0,4273,,,,,
url,4273,,,,,
https,4273,,,,,
www,4273,,,,,
nexmark,4273,,,,,
com,4273,,,,,
gkoo,4273,,,,,
ndq,4273,,,,,
hwl,4273,,,,,
item,4273,,,,,
htm,4273,,,,,
query,4273,,,,,
-1.0,4273,,,,,
channel_id,4273,,,,,
-1.140588544E+09,4273,,,,,
dateTime,4273,,,,,
-2023.0,4273,,,,,
-4,4273,,,,,
30T19,4273,,,,,
-1,4273,,,,,
-10.0,4273,,,,,
951Z,4273,,,,,
extra,4273,,,,,
ZM_,4273,,,,,
a,4273,,,,,
M_,4273,,,,,
HU,4273,,,,,
aS,4273,,,,,
Wbslcbvxlppbp,4273,,,,,
PY,4273,,,,,
RLOR,4273,,,,,
Owkawmk,4273,,,,,
MJ,4273,,,,,
IWgabvkckl,4273,,,,,
Bid,4273,,,,,
auction,4273,,,,,
-1000.0,4273,,,,,
bidder,4273,,,,,
-2001.0,4273,,,,,
price,4273,,,,,
-2876.0,4273,,,,,
channel,4273,,,,,
Baidu,4273,,,,,
url,4273,,,,,
https,4273,,,,,
www,4273,,,,,
nexmark,4273,,,,,
com,4273,,,,,
_fs,4273,,,,,
ctc_,4273,,,,,
tjt,4273,,,,,
item,4273,,,,,
htm,4273,,,,,
query,4273,,,,,
-1.0,4273,,,,,
dateTime,4273,,,,,
-2023.0,4273,,,,,
-4,4273,,,,,
30T19,4273,,,,,
-1,4273,,,,,
-11.0,4273,,,,,
051Z,4273,,,,,
extra,4273,,,,,
R,4273,,,,,
TP,4273,,,,,
KWHN,4273,,,,,
OpoqnprQ,4273,,,,,
ZUaVZPO,4273,,,,,
W_bmgxrbV,4273,,,,,
KPHZbspqoaylrysoWIP,4273,,,,,
X,4273,,,,,
ZTaT,4273,,,,,
Bid,4273,,,,,
auction,4273,,,,,
-1004.0,4273,,,,,
bidder,4273,,,,,
-2001.0,4273,,,,,
price,4273,,,,,
-240576.0,4273,,,,,
channel,4273,,,,,
Baidu,4273,,,,,
url,4273,,,,,
https,4273,,,,,
www,4273,,,,,
nexmark,4273,,,,,
com,4273,,,,,
_fs,4273,,,,,
ctc_,4273,,,,,
tjt,4273,,,,,
item,4273,,,,,
htm,4273,,,,,
query,4273,,,,,
-1.0,4273,,,,,
dateTime,4273,,,,,
-2023.0,4273,,,,,
-4,4273,,,,,
30T19,4273,,,,,
-1,4273,,,,,
-11.0,4273,,,,,
151Z,4273,,,,,
extra,4273,,,,,
SSH_RUacxjjwirnnbu,4273,,,,,
PMUa_dqybhpcuqidmfwaplqrbctxsoicatulanq,4273,,,,,
Bid,4273,,,,,
auction,4273,,,,,
-1011.0,4273,,,,,
bidder,4273,,,,,
-2001.0,4273,,,,,
price,4273,,,,,
-1.781342E+07,4273,,,,,
channel,4273,,,,,
channel,4273,,,,,
-60.0,4273,,,,,
url,4273,,,,,
https,4273,,,,,
www,4273,,,,,
nexmark,4273,,,,,
com,4273,,,,,
hnq,4273,,,,,
isf_,4273,,,,,
jam,4273,,,,,
item,4273,,,,,
htm,4273,,,,,
query,4273,,,,,
-1.0,4273,,,,,
channel_id,4273,,,,,
-1.00663296E+09,4273,,,,,
dateTime,4273,,,,,
-2023.0,4273,,,,,
-4,4273,,,,,
30T19,4273,,,,,
-1,4273,,,,,
-11.0,4273,,,,,
251Z,4273,,,,,
extra,4273,,,,,
W,4273,,,,,
PNVZHNY,4273,,,,,
MKxmbvzoemrgejmzdyjpLKaTT,4273,,,,,
adifroPOVTUSfsbovhmy,4273,,,,,
Bid,4273,,,,,
auction,4273,,,,,
-1010.0,4273,,,,,
bidder,4273,,,,,
-2001.0,4273,,,,,
price,4273,,,,,
-510.0,4273,,,,,
channel,4273,,,,,
Apple,4273,,,,,
url,4273,,,,,
https,4273,,,,,